{
  "Transparency" : 0,
  "Tags" : [

  ],
  "Ansi 12 Color" : {
    "Green Component" : 0.50962930917739868,
    "Blue Component" : 0.51685798168182373,
    "Red Component" : 0.44058024883270264
  },
  "Ansi 7 Color" : {
    "Green Component" : 0.89001238346099854,
    "Blue Component" : 0.79781103134155273,
    "Red Component" : 0.91611063480377197
  },
  "Draw Powerline Glyphs" : true,
  "Bold Color" : {
    "Green Component" : 0.56485837697982788,
    "Blue Component" : 0.56363654136657715,
    "Red Component" : 0.50599193572998047
  },
  "Ansi 8 Color" : {
    "Red Component" : 0.56334114074707031,
    "Color Space" : "sRGB",
    "Alpha Component" : 1,
    "Blue Component" : 0.56129719603541162,
    "Green Component" : 0.56129719603541162
  },
  "Ansi 9 Color" : {
    "Red Component" : 0.792156862745098,
    "Color Space" : "sRGB",
    "Alpha Component" : 1,
    "Blue Component" : 0.086274509803921567,
    "Green Component" : 0.29019607843137257
  },
  "Ansi 1 Color" : {
    "Red Component" : 0.82745098039215681,
    "Color Space" : "sRGB",
    "Alpha Component" : 1,
    "Blue Component" : 0.28235294117647058,
    "Green Component" : 0.29411764705882354
  },
  "Rows" : 25,
  "Default Bookmark" : "No",
  "Custom Directory" : "No",
  "Cursor Guide Color" : {
    "Red Component" : 0.70213186740875244,
    "Color Space" : "sRGB",
    "Alpha Component" : 0.25,
    "Blue Component" : 1,
    "Green Component" : 0.9268307089805603
  },
  "Non-ASCII Anti Aliased" : true,
  "Use Bright Bold" : true,
  "Ansi 10 Color" : {
    "Green Component" : 0.35665956139564514,
    "Blue Component" : 0.38298487663269043,
    "Red Component" : 0.27671992778778076
  },
  "Ambiguous Double Width" : false,
  "Jobs to Ignore" : [
    "rlogin",
    "ssh",
    "slogin",
    "telnet"
  ],
  "Show Status Bar" : false,
  "Ansi 15 Color" : {
    "Green Component" : 0.95794391632080078,
    "Blue Component" : 0.86405980587005615,
    "Red Component" : 0.98943418264389038
  },
  "Foreground Color" : {
    "Green Component" : 0.50962930917739868,
    "Blue Component" : 0.51685798168182373,
    "Red Component" : 0.44058024883270264
  },
  "Working Directory" : "\/Users\/meuhmeuh",
  "Blinking Cursor" : false,
  "Disable Window Resizing" : true,
  "Sync Title" : false,
  "Prompt Before Closing 2" : false,
  "BM Growl" : true,
  "Mouse Reporting" : true,
  "Command" : "",
  "Description" : "Default",
  "Screen" : -1,
  "Selection Color" : {
    "Red Component" : 0,
    "Color Space" : "sRGB",
    "Alpha Component" : 1,
    "Blue Component" : 0.25098039215686274,
    "Green Component" : 0.20392156862745098
  },
  "Only The Default BG Color Uses Transparency" : true,
  "Columns" : 80,
  "Idle Code" : 0,
  "Ansi 13 Color" : {
    "Green Component" : 0.33896297216415405,
    "Blue Component" : 0.72908437252044678,
    "Red Component" : 0.34798634052276611
  },
  "Custom Command" : "No",
  "ASCII Anti Aliased" : true,
  "Non Ascii Font" : "Monaco 12",
  "Vertical Spacing" : 1,
  "Use Bold Font" : true,
  "Option Key Sends" : 0,
  "Selected Text Color" : {
    "Green Component" : 0.56485837697982788,
    "Blue Component" : 0.56363654136657715,
    "Red Component" : 0.50599193572998047
  },
  "Background Color" : {
    "Red Component" : 0.11764705882352941,
    "Color Space" : "sRGB",
    "Alpha Component" : 1,
    "Blue Component" : 0.18823529411764706,
    "Green Component" : 0.12549019607843137
  },
  "Character Encoding" : 4,
  "Ansi 11 Color" : {
    "Green Component" : 0.40717673301696777,
    "Blue Component" : 0.43850564956665039,
    "Red Component" : 0.32436618208885193
  },
  "Use Italic Font" : true,
  "Unlimited Scrollback" : true,
  "Keyboard Map" : {
    "0xf700-0x260000" : {
      "Action" : 10,
      "Text" : "[1;6A"
    },
    "0x37-0x40000" : {
      "Action" : 11,
      "Text" : "0x1f"
    },
    "0x32-0x40000" : {
      "Action" : 11,
      "Text" : "0x00"
    },
    "0xf709-0x20000" : {
      "Action" : 10,
      "Text" : "[17;2~"
    },
    "0xf70c-0x20000" : {
      "Action" : 10,
      "Text" : "[20;2~"
    },
    "0xf729-0x20000" : {
      "Action" : 10,
      "Text" : "[1;2H"
    },
    "0xf72b-0x40000" : {
      "Action" : 10,
      "Text" : "[1;5F"
    },
    "0xf705-0x20000" : {
      "Action" : 10,
      "Text" : "[1;2Q"
    },
    "0xf703-0x260000" : {
      "Action" : 10,
      "Text" : "[1;6C"
    },
    "0xf700-0x220000" : {
      "Action" : 10,
      "Text" : "[1;2A"
    },
    "0xf701-0x280000" : {
      "Action" : 11,
      "Text" : "0x1b 0x1b 0x5b 0x42"
    },
    "0x38-0x40000" : {
      "Action" : 11,
      "Text" : "0x7f"
    },
    "0x33-0x40000" : {
      "Action" : 11,
      "Text" : "0x1b"
    },
    "0xf703-0x220000" : {
      "Action" : 10,
      "Text" : "[1;2C"
    },
    "0xf701-0x240000" : {
      "Action" : 10,
      "Text" : "[1;5B"
    },
    "0xf70d-0x20000" : {
      "Action" : 10,
      "Text" : "[21;2~"
    },
    "0xf702-0x260000" : {
      "Action" : 10,
      "Text" : "[1;6D"
    },
    "0xf729-0x40000" : {
      "Action" : 10,
      "Text" : "[1;5H"
    },
    "0xf706-0x20000" : {
      "Action" : 10,
      "Text" : "[1;2R"
    },
    "0x34-0x40000" : {
      "Action" : 11,
      "Text" : "0x1c"
    },
    "0xf700-0x280000" : {
      "Action" : 11,
      "Text" : "0x1b 0x1b 0x5b 0x41"
    },
    "0x2d-0x40000" : {
      "Action" : 11,
      "Text" : "0x1f"
    },
    "0xf70e-0x20000" : {
      "Action" : 10,
      "Text" : "[23;2~"
    },
    "0xf702-0x220000" : {
      "Action" : 10,
      "Text" : "[1;2D"
    },
    "0xf703-0x280000" : {
      "Action" : 11,
      "Text" : "0x1b 0x1b 0x5b 0x43"
    },
    "0xf700-0x240000" : {
      "Action" : 10,
      "Text" : "[1;5A"
    },
    "0xf707-0x20000" : {
      "Action" : 10,
      "Text" : "[1;2S"
    },
    "0xf70a-0x20000" : {
      "Action" : 10,
      "Text" : "[18;2~"
    },
    "0x35-0x40000" : {
      "Action" : 11,
      "Text" : "0x1d"
    },
    "0xf70f-0x20000" : {
      "Action" : 10,
      "Text" : "[24;2~"
    },
    "0xf703-0x240000" : {
      "Action" : 10,
      "Text" : "[1;5C"
    },
    "0xf701-0x260000" : {
      "Action" : 10,
      "Text" : "[1;6B"
    },
    "0xf702-0x280000" : {
      "Action" : 11,
      "Text" : "0x1b 0x1b 0x5b 0x44"
    },
    "0xf72b-0x20000" : {
      "Action" : 10,
      "Text" : "[1;2F"
    },
    "0x36-0x40000" : {
      "Action" : 11,
      "Text" : "0x1e"
    },
    "0xf708-0x20000" : {
      "Action" : 10,
      "Text" : "[15;2~"
    },
    "0xf701-0x220000" : {
      "Action" : 10,
      "Text" : "[1;2B"
    },
    "0xf70b-0x20000" : {
      "Action" : 10,
      "Text" : "[19;2~"
    },
    "0xf702-0x240000" : {
      "Action" : 10,
      "Text" : "[1;5D"
    },
    "0xf704-0x20000" : {
      "Action" : 10,
      "Text" : "[1;2P"
    }
  },
  "Window Type" : 0,
  "Background Image Location" : "",
  "Blur" : false,
  "Badge Color" : {
    "Red Component" : 1,
    "Color Space" : "sRGB",
    "Alpha Component" : 0.5,
    "Blue Component" : 0,
    "Green Component" : 0.1491314172744751
  },
  "Scrollback Lines" : 0,
  "Send Code When Idle" : false,
  "Close Sessions On End" : true,
  "Terminal Type" : "xterm-256color",
  "Visual Bell" : true,
  "Flashing Bell" : false,
  "Status Bar Layout" : {
    "components" : [

    ],
    "advanced configuration" : {
      "font" : ".AppleSystemUIFont 12",
      "algorithm" : 0
    }
  },
  "Silence Bell" : false,
  "Ansi 14 Color" : {
    "Green Component" : 0.56485837697982788,
    "Blue Component" : 0.56363654136657715,
    "Red Component" : 0.50599193572998047
  },
  "Name" : "Mooo",
  "Cursor Text Color" : {
    "Red Component" : 0,
    "Color Space" : "sRGB",
    "Alpha Component" : 1,
    "Blue Component" : 0.25098039215686274,
    "Green Component" : 0.20392156862745098
  },
  "Minimum Contrast" : 0,
  "Shortcut" : "",
  "Cursor Color" : {
    "Green Component" : 0.50962930917739868,
    "Blue Component" : 0.51685798168182373,
    "Red Component" : 0.44058024883270264
  },